{
  "train_loss": 0.227872118526444,
  "train_acc": 0.918918918918919,
  "val_loss": 0.08492246983414624,
  "val_acc": 0.9777992277992278
}