{
  "train_loss": 0.22826094125688767,
  "train_acc": 0.9155405405405406,
  "val_loss": 0.09953336260536808,
  "val_acc": 0.9691119691119691
}